name,position,team,fumbles,ints,pass_td,pass_yds,rec_tds,rec_yds,carries,rush_td,rush_yds,pts_std,pts_half,pts_ppr
Matt Ryan,QB,ATL,0.0,0.0,4.0,356.0,0.0,0.0,2.0,0.0,7.0,30.94,30.94,30.94
Kirk Cousins,QB,MIN,0.0,1.0,4.0,333.0,0.0,0.0,2.0,0.0,0.0,27.32,27.32,27.32
Kyler Murray,QB,ARI,0.0,0.0,3.0,340.0,0.0,0.0,11.0,0.0,32.0,28.8,28.8,28.8
Russell Wilson,QB,SEA,0.0,0.0,2.0,295.0,0.0,0.0,9.0,1.0,31.0,28.9,28.9,28.9
Sam Darnold,QB,NYJ,0.0,1.0,2.0,338.0,0.0,0.0,5.0,0.0,1.0,19.62,19.62,19.62
Ryan Fitzpatrick,QB,MIA,0.0,0.0,1.0,132.0,0.0,0.0,2.0,0.0,5.0,9.78,9.78,9.78
Kyle Allen,QB,CAR,0.0,0.0,2.0,227.0,0.0,0.0,3.0,0.0,3.0,17.38,17.38,17.38
Case Keenum,QB,WAS,0.0,0.0,2.0,166.0,0.0,0.0,4.0,0.0,10.0,15.64,15.64,15.64
Patrick Mahomes,QB,KAN,1.0,1.0,3.0,273.0,0.0,0.0,1.0,0.0,-1.0,18.82,18.82,18.82
Teddy Bridgewater,QB,NOR,0.0,0.0,1.0,240.0,0.0,0.0,3.0,0.0,0.0,13.6,13.6,13.6
Carson Wentz,QB,PHI,0.0,1.0,2.0,306.0,0.0,0.0,2.0,0.0,23.0,20.540000000000006,20.540000000000006,20.540000000000006
Aaron Rodgers,QB,GNB,0.0,1.0,2.0,283.0,0.0,0.0,3.0,0.0,10.0,18.32,18.32,18.32
Dak Prescott,QB,DAL,0.0,0.0,0.0,278.0,0.0,0.0,3.0,1.0,11.0,18.22,18.22,18.22
Tom Brady,QB,NWE,1.0,1.0,0.0,334.0,0.0,0.0,7.0,2.0,6.0,21.96,21.96,21.96
Devlin Hodges,QB,PIT,0.0,1.0,1.0,132.0,0.0,0.0,3.0,0.0,8.0,8.080000000000002,8.080000000000002,8.080000000000002
Lamar Jackson,QB,BAL,0.0,0.0,0.0,236.0,0.0,0.0,19.0,1.0,152.0,30.64,30.64,30.64
Matthew Stafford,QB,DET,0.0,0.0,0.0,265.0,0.0,0.0,3.0,0.0,9.0,11.5,11.5,11.5
Jimmy Garoppolo,QB,SFO,1.0,1.0,0.0,243.0,0.0,0.0,5.0,1.0,4.0,12.12,12.12,12.12
Ryan Tannehill,QB,TEN,0.0,1.0,0.0,144.0,0.0,0.0,1.0,0.0,6.0,4.3599999999999985,4.3599999999999985,4.3599999999999985
Philip Rivers,QB,LAC,1.0,2.0,2.0,320.0,0.0,0.0,1.0,0.0,0.0,14.8,14.8,14.8
Deshaun Watson,QB,HOU,0.0,2.0,1.0,280.0,0.0,0.0,10.0,2.0,42.0,27.4,27.4,27.4
Joe Flacco,QB,DEN,0.0,1.0,0.0,177.0,0.0,0.0,4.0,0.0,-1.0,4.98,4.98,4.98
Andy Dalton,QB,CIN,0.0,1.0,0.0,235.0,0.0,0.0,1.0,1.0,2.0,13.6,13.6,13.6
Jared Goff,QB,LAR,1.0,0.0,0.0,78.0,0.0,0.0,1.0,0.0,0.0,1.12,1.12,1.12
Baker Mayfield,QB,CLE,0.0,3.0,1.0,249.0,0.0,0.0,4.0,1.0,35.0,17.46,17.46,17.46
Gardner Minshew,QB,JAX,0.0,1.0,0.0,163.0,0.0,0.0,2.0,0.0,1.0,4.619999999999999,4.619999999999999,4.619999999999999
Jameis Winston,QB,TAM,1.0,5.0,1.0,400.0,0.0,0.0,1.0,0.0,1.0,8.100000000000001,8.100000000000001,8.100000000000001
Daniel Jones,QB,NYG,0.0,3.0,1.0,161.0,0.0,0.0,2.0,0.0,8.0,5.240000000000002,5.240000000000002,5.240000000000002
Josh Rosen,QB,MIA,0.0,2.0,0.0,85.0,0.0,0.0,0.0,0.0,0.0,-0.6000000000000001,-0.6000000000000001,-0.6000000000000001
Marcus Mariota,QB,TEN,0.0,2.0,0.0,63.0,0.0,0.0,2.0,0.0,4.0,-1.08,-1.08,-1.08
Jake Elliott,ERROR CHECK ME,PHI,0.0,1.0,0.0,0.0,0.0,0.0,0.0,0.0,0.0,-2.0,-2.0,-2.0
Chris Carson,RB,SEA,0.0,0.0,0.0,0.0,0.0,35.0,24.0,1.0,124.0,21.9,23.9,25.9
Nick Chubb,RB,CLE,1.0,0.0,0.0,0.0,0.0,17.0,20.0,2.0,122.0,23.9,26.4,28.9
Adrian Peterson,RB,WAS,0.0,0.0,0.0,0.0,0.0,18.0,23.0,0.0,118.0,13.6,14.6,15.6
Carlos Hyde,RB,HOU,1.0,0.0,0.0,0.0,0.0,14.0,26.0,1.0,116.0,17.0,17.5,18.0
Ezekiel Elliott,RB,DAL,0.0,0.0,0.0,0.0,0.0,48.0,28.0,1.0,105.0,21.3,23.8,26.3
Jamaal Williams,RB,GNB,0.0,0.0,0.0,0.0,1.0,32.0,14.0,0.0,104.0,19.6,21.6,23.6
Devonta Freeman,RB,ATL,0.0,0.0,0.0,0.0,2.0,30.0,19.0,0.0,88.0,23.8,25.3,26.8
Sony Michel,RB,NWE,0.0,0.0,0.0,0.0,0.0,27.0,22.0,0.0,86.0,11.3,12.3,13.3
Benny Snell,RB,PIT,0.0,0.0,0.0,0.0,0.0,14.0,17.0,0.0,75.0,8.9,9.4,9.9
Leonard Fournette,RB,JAX,0.0,0.0,0.0,0.0,0.0,46.0,20.0,0.0,72.0,11.8,14.8,17.8
Phillip Lindsay,RB,DEN,0.0,0.0,0.0,0.0,0.0,5.0,15.0,1.0,70.0,13.5,14.5,15.5
Alexander Mattison,RB,MIN,1.0,0.0,0.0,0.0,0.0,0.0,14.0,0.0,63.0,4.3,4.3,4.3
Mark Ingram,RB,BAL,0.0,0.0,0.0,0.0,0.0,22.0,13.0,1.0,52.0,13.4,14.4,15.4
Le'Veon Bell,RB,NYJ,0.0,0.0,0.0,0.0,0.0,3.0,14.0,1.0,50.0,11.3,11.8,12.3
Jordan Howard,RB,PHI,0.0,0.0,0.0,0.0,0.0,0.0,13.0,0.0,49.0,4.9,4.9,4.9
Aaron Jones,RB,GNB,1.0,0.0,0.0,0.0,0.0,13.0,11.0,0.0,47.0,4.0,6.0,8.0
Tevin Coleman,RB,SFO,0.0,0.0,0.0,0.0,0.0,16.0,18.0,1.0,45.0,12.1,13.1,14.1
LeSean McCoy,RB,KAN,0.0,0.0,0.0,0.0,0.0,0.0,8.0,0.0,44.0,4.4,5.4,6.4
Latavius Murray,RB,NOR,0.0,0.0,0.0,0.0,0.0,35.0,8.0,0.0,44.0,7.9,9.4,10.9
James Conner,RB,PIT,0.0,0.0,0.0,0.0,1.0,78.0,16.0,1.0,41.0,23.9,27.4,30.9
Dalvin Cook,RB,MIN,0.0,0.0,0.0,0.0,0.0,13.0,16.0,1.0,41.0,11.4,12.4,13.4
Malcolm Brown,RB,LAR,0.0,0.0,0.0,0.0,0.0,0.0,11.0,0.0,40.0,4.0,4.0,4.0
Kenyan Drake,RB,MIA,0.0,0.0,0.0,0.0,0.0,30.0,10.0,0.0,40.0,7.0,10.0,13.0
Darrell Henderson,RB,LAR,0.0,0.0,0.0,0.0,0.0,9.0,6.0,0.0,39.0,4.8,5.3,5.8
Jon Hilliman,RB,NYG,1.0,0.0,0.0,0.0,0.0,-3.0,11.0,0.0,38.0,1.5,2.5,3.5
Matt Breida,RB,SFO,0.0,0.0,0.0,0.0,0.0,27.0,13.0,0.0,36.0,6.300000000000002,8.3,10.3
Chase Edmonds,RB,ARI,0.0,0.0,0.0,0.0,1.0,33.0,5.0,0.0,34.0,12.7,13.7,14.7
Gus Edwards,RB,BAL,0.0,0.0,0.0,0.0,0.0,0.0,6.0,0.0,34.0,3.4,3.4,3.4
Royce Freeman,RB,DEN,0.0,0.0,0.0,0.0,0.0,42.0,11.0,0.0,34.0,7.6,10.1,12.6
David Johnson,RB,ARI,0.0,0.0,0.0,0.0,1.0,68.0,12.0,1.0,34.0,22.2,25.2,28.2
Duke Johnson,RB,HOU,0.0,0.0,0.0,0.0,1.0,20.0,5.0,0.0,34.0,11.4,12.4,13.4
Kerryon Johnson,RB,DET,0.0,0.0,0.0,0.0,0.0,27.0,13.0,1.0,34.0,12.1,13.1,14.1
Mark Walton,RB,MIA,0.0,0.0,0.0,0.0,0.0,43.0,6.0,0.0,32.0,7.5,10.0,12.5
Justice Hill,RB,BAL,0.0,0.0,0.0,0.0,0.0,0.0,5.0,0.0,31.0,3.1,3.1,3.1
Alvin Kamara,RB,NOR,0.0,0.0,0.0,0.0,0.0,35.0,11.0,0.0,31.0,6.6,10.1,13.6
Christian McCaffrey,RB,CAR,0.0,0.0,0.0,0.0,1.0,26.0,22.0,1.0,31.0,17.7,19.7,21.7
Boston Scott,RB,PHI,0.0,0.0,0.0,0.0,0.0,0.0,4.0,0.0,30.0,3.0,3.0,3.0
Peyton Barber,RB,TAM,0.0,0.0,0.0,0.0,0.0,0.0,8.0,0.0,28.0,2.8,2.8,2.8
Derrick Henry,RB,TEN,0.0,0.0,0.0,0.0,0.0,5.0,15.0,0.0,28.0,3.3,3.8,4.3
Brandon Bolden,RB,NWE,0.0,0.0,0.0,0.0,0.0,22.0,3.0,1.0,23.0,10.5,11.5,12.5
Stefon Diggs,WR,MIN,0.0,0.0,0.0,0.0,3.0,167.0,2.0,0.0,18.0,36.5,40.0,43.5
Melvin Gordon,RB,LAC,0.0,0.0,0.0,0.0,0.0,30.0,8.0,0.0,18.0,4.8,6.3,7.8
Alex Erickson,WR,CIN,0.0,0.0,0.0,0.0,0.0,47.0,1.0,0.0,17.0,6.4,8.4,10.4
Taysom Hill,QB,NOR,0.0,0.0,0.0,0.0,0.0,0.0,3.0,0.0,17.0,1.7,1.7,1.7
Robert Woods,WR,LAR,0.0,0.0,0.0,0.0,0.0,0.0,2.0,1.0,16.0,7.6,7.6,7.6
Brandin Cooks,WR,LAR,0.0,0.0,0.0,0.0,0.0,18.0,2.0,0.0,14.0,3.2,4.7,6.2
Austin Ekeler,RB,LAC,0.0,0.0,0.0,0.0,0.0,14.0,5.0,0.0,14.0,2.8,4.3,5.8
D.J. Moore,WR,CAR,0.0,0.0,0.0,0.0,0.0,73.0,1.0,0.0,13.0,8.6,12.1,15.6
Raheem Mostert,RB,SFO,0.0,0.0,0.0,0.0,0.0,0.0,4.0,0.0,13.0,1.3,1.3,1.3
Tony Pollard,RB,DAL,0.0,0.0,0.0,0.0,0.0,0.0,3.0,0.0,13.0,1.3,1.3,1.3
Ted Ginn,WR,NOR,0.0,0.0,0.0,0.0,0.0,36.0,1.0,0.0,12.0,4.8,5.8,6.8
Chris Thompson,RB,WAS,0.0,0.0,0.0,0.0,0.0,8.0,3.0,0.0,12.0,2.0,3.0,4.0
Ronald Jones,RB,TAM,0.0,0.0,0.0,0.0,0.0,0.0,4.0,1.0,10.0,7.0,7.0,7.0
Joe Mixon,RB,CIN,0.0,0.0,0.0,0.0,0.0,29.0,8.0,0.0,10.0,3.9,4.9,5.9
Jamal Agnew,WR,DET,0.0,0.0,0.0,0.0,0.0,0.0,1.0,0.0,9.0,0.9,0.9,0.9
Marquez Valdes-Scantling,WR,GNB,0.0,0.0,0.0,0.0,0.0,48.0,1.0,0.0,9.0,5.7,6.7,7.7
C.J. Prosise,RB,SEA,1.0,0.0,0.0,0.0,0.0,15.0,3.0,0.0,8.0,0.2999999999999998,0.7999999999999998,1.2999999999999998
Curtis Samuel,WR,CAR,0.0,0.0,0.0,0.0,1.0,70.0,1.0,1.0,8.0,19.8,21.8,23.8
Kalen Ballage,RB,MIA,0.0,0.0,0.0,0.0,0.0,0.0,3.0,1.0,7.0,6.7,6.7,6.7
Elijhaa Penny,RB,NYG,0.0,0.0,0.0,0.0,0.0,0.0,3.0,0.0,6.0,0.6,1.1,1.6
Miles Sanders,RB,PHI,0.0,0.0,0.0,0.0,1.0,86.0,3.0,0.0,6.0,15.2,16.7,18.2
Ito Smith,RB,ATL,0.0,0.0,0.0,0.0,0.0,0.0,3.0,0.0,6.0,0.6,0.6,0.6
Damien Williams,RB,KAN,0.0,0.0,0.0,0.0,1.0,14.0,1.0,0.0,6.0,8.0,8.5,9.0
Bilal Powell,RB,NYJ,0.0,0.0,0.0,0.0,0.0,0.0,1.0,0.0,5.0,0.5,0.5,0.5
Alex Armah,RB,CAR,0.0,0.0,0.0,0.0,0.0,0.0,2.0,0.0,4.0,0.4,0.4,0.4
Giovani Bernard,RB,CIN,0.0,0.0,0.0,0.0,0.0,20.0,4.0,0.0,4.0,2.4,3.4,4.4
J.D. McKissic,RB,DET,0.0,0.0,0.0,0.0,0.0,7.0,3.0,0.0,4.0,1.1,2.1,3.1
D.K. Metcalf,WR,SEA,0.0,0.0,0.0,0.0,0.0,69.0,1.0,0.0,4.0,7.300000000000002,9.3,11.3
Wendell Smallwood,RB,WAS,0.0,0.0,0.0,0.0,0.0,0.0,1.0,0.0,4.0,0.4,0.4,0.4
De'Anthony Thomas,WR,KAN,0.0,0.0,0.0,0.0,0.0,0.0,1.0,0.0,4.0,0.4,0.4,0.4
Tyler Lockett,WR,SEA,0.0,0.0,0.0,0.0,0.0,75.0,1.0,0.0,3.0,7.8,10.3,12.8
Dare Ogunbowale,RB,TAM,0.0,0.0,0.0,0.0,0.0,22.0,1.0,1.0,3.0,8.5,10.0,11.5
Pharoh Cooper,WR,ARI,0.0,0.0,0.0,0.0,0.0,16.0,1.0,0.0,2.0,1.8,3.3,4.8
Dalyn Dawkins,RB,TEN,0.0,0.0,0.0,0.0,0.0,0.0,2.0,0.0,2.0,0.2,0.2,0.2
Keith Smith,RB,ATL,0.0,0.0,0.0,0.0,0.0,0.0,1.0,0.0,2.0,0.2,0.2,0.2
Ryquell Armstead,RB,JAX,0.0,0.0,0.0,0.0,0.0,0.0,1.0,0.0,1.0,0.1,0.1,0.1
Marqise Lee,WR,JAX,0.0,0.0,0.0,0.0,0.0,0.0,1.0,0.0,1.0,0.1,0.1,0.1
Deebo Samuel,WR,SFO,0.0,0.0,0.0,0.0,0.0,18.0,1.0,0.0,1.0,1.9,3.4000000000000004,4.9
Steven Sims,WR,WAS,0.0,0.0,0.0,0.0,0.0,0.0,1.0,0.0,1.0,0.1,0.1,0.1
Paul Richardson,WR,WAS,0.0,0.0,0.0,0.0,0.0,0.0,1.0,0.0,0.0,0.0,0.0,0.0
Adam Thielen,WR,MIN,0.0,0.0,0.0,0.0,1.0,57.0,1.0,0.0,0.0,11.7,14.7,17.7
Dion Lewis,RB,TEN,0.0,0.0,0.0,0.0,0.0,20.0,1.0,0.0,-1.0,1.9,3.4,4.9
James White,RB,NWE,0.0,0.0,0.0,0.0,0.0,46.0,2.0,0.0,-1.0,4.5,9.0,13.5
Chris Godwin,WR,TAM,0.0,0.0,0.0,0.0,0.0,151.0,0.0,0.0,0.0,15.1,20.1,25.1
Robby Anderson,WR,NYJ,0.0,0.0,0.0,0.0,1.0,125.0,0.0,0.0,0.0,18.5,21.0,23.5
Kenny Golladay,WR,DET,0.0,0.0,0.0,0.0,0.0,121.0,0.0,0.0,0.0,12.1,14.6,17.1
Austin Hooper,TE,ATL,0.0,0.0,0.0,0.0,1.0,117.0,0.0,0.0,0.0,17.7,21.7,25.7
Julian Edelman,WR,NWE,0.0,0.0,0.0,0.0,0.0,113.0,0.0,0.0,0.0,11.3,15.8,20.3
Julio Jones,WR,ATL,0.0,0.0,0.0,0.0,0.0,108.0,0.0,0.0,0.0,10.8,14.8,18.8
George Kittle,TE,SFO,0.0,0.0,0.0,0.0,0.0,103.0,0.0,0.0,0.0,10.3,14.3,18.3
Golden Tate,WR,NYG,0.0,0.0,0.0,0.0,1.0,102.0,0.0,0.0,0.0,16.2,19.2,22.2
Odell Beckham,WR,CLE,0.0,0.0,0.0,0.0,0.0,101.0,0.0,0.0,0.0,10.1,13.1,16.1
Hunter Henry,TE,LAC,0.0,0.0,0.0,0.0,2.0,100.0,0.0,0.0,0.0,22.0,26.0,30.0
Terry McLaurin,WR,WAS,0.0,0.0,0.0,0.0,2.0,100.0,0.0,0.0,0.0,22.0,24.0,26.0
Mark Andrews,TE,BAL,1.0,0.0,0.0,0.0,0.0,99.0,0.0,0.0,0.0,7.9,10.9,13.9
Jamison Crowder,WR,NYJ,0.0,0.0,0.0,0.0,0.0,98.0,0.0,0.0,0.0,9.8,12.8,15.8
Mike Evans,WR,TAM,0.0,0.0,0.0,0.0,0.0,96.0,0.0,0.0,0.0,9.6,14.1,18.6
Auden Tate,WR,CIN,0.0,0.0,0.0,0.0,0.0,91.0,0.0,0.0,0.0,9.1,11.6,14.1
Michael Thomas,WR,NOR,0.0,0.0,0.0,0.0,0.0,89.0,0.0,0.0,0.0,8.9,12.9,16.9
Tyreek Hill,WR,KAN,0.0,0.0,0.0,0.0,2.0,80.0,0.0,0.0,0.0,20.0,22.5,25.0
Alshon Jeffery,WR,PHI,0.0,0.0,0.0,0.0,1.0,76.0,0.0,0.0,0.0,13.6,18.6,23.6
Courtland Sutton,WR,DEN,0.0,0.0,0.0,0.0,0.0,76.0,0.0,0.0,0.0,7.6,9.6,11.6
Mike Williams,WR,LAC,0.0,0.0,0.0,0.0,0.0,72.0,0.0,0.0,0.0,7.2,9.7,12.2
Darren Fells,TE,HOU,0.0,0.0,0.0,0.0,0.0,69.0,0.0,0.0,0.0,6.9,9.9,12.9
Larry Fitzgerald,WR,ARI,0.0,0.0,0.0,0.0,0.0,69.0,0.0,0.0,0.0,6.9,9.9,12.9
Allen Lazard,WR,GNB,0.0,0.0,0.0,0.0,1.0,65.0,0.0,0.0,0.0,12.5,14.5,16.5
Tavon Austin,WR,DAL,0.0,0.0,0.0,0.0,0.0,64.0,0.0,0.0,0.0,6.4,8.9,11.4
Demaryius Thomas,WR,NYJ,0.0,0.0,0.0,0.0,0.0,62.0,0.0,0.0,0.0,6.2,8.2,10.2
Damiere Byrd,WR,ARI,0.0,0.0,0.0,0.0,0.0,60.0,0.0,0.0,0.0,6.0,7.0,8.0
Marvin Hall,WR,DET,0.0,0.0,0.0,0.0,0.0,58.0,0.0,0.0,0.0,5.8,6.3,6.8
Travis Kelce,TE,KAN,0.0,0.0,0.0,0.0,0.0,58.0,0.0,0.0,0.0,5.8,7.8,9.8
Jason Witten,TE,DAL,0.0,0.0,0.0,0.0,0.0,57.0,0.0,0.0,0.0,5.7,8.2,10.7
DeAndre Hopkins,WR,HOU,0.0,0.0,0.0,0.0,0.0,55.0,0.0,0.0,0.0,5.5,10.0,14.5
Zach Ertz,TE,PHI,1.0,0.0,0.0,0.0,0.0,54.0,0.0,0.0,0.0,3.4000000000000004,5.4,7.4
Jakobi Meyers,WR,NWE,0.0,0.0,0.0,0.0,0.0,54.0,0.0,0.0,0.0,5.4,7.4,9.4
Dede Westbrook,WR,JAX,0.0,0.0,0.0,0.0,0.0,53.0,0.0,0.0,0.0,5.3,6.8,8.3
Greg Olsen,TE,CAR,0.0,0.0,0.0,0.0,0.0,52.0,0.0,0.0,0.0,5.2,7.2,9.2
Darrel Williams,RB,KAN,0.0,0.0,0.0,0.0,0.0,52.0,0.0,0.0,0.0,5.2,5.7,6.2
Mike Gesicki,TE,MIA,0.0,0.0,0.0,0.0,0.0,51.0,0.0,0.0,0.0,5.1,6.6,8.1
Marcedes Lewis,TE,GNB,0.0,0.0,0.0,0.0,0.0,50.0,0.0,0.0,0.0,5.0,6.0,7.0
Michael Gallup,WR,DAL,0.0,0.0,0.0,0.0,0.0,48.0,0.0,0.0,0.0,4.8,6.8,8.8
Dallas Goedert,TE,PHI,0.0,0.0,0.0,0.0,0.0,48.0,0.0,0.0,0.0,4.8,7.3,9.8
Calvin Ridley,WR,ATL,0.0,0.0,0.0,0.0,1.0,48.0,0.0,0.0,0.0,10.8,12.8,14.8
Cameron Brate,TE,TAM,0.0,0.0,0.0,0.0,1.0,47.0,0.0,0.0,0.0,10.7,11.7,12.7
Adam Humphries,WR,TEN,0.0,0.0,0.0,0.0,0.0,47.0,0.0,0.0,0.0,4.7,7.7,10.7
Ricky Seals-Jones,TE,CLE,0.0,0.0,0.0,0.0,1.0,47.0,0.0,0.0,0.0,10.7,12.2,13.7
Cedrick Wilson,WR,DAL,0.0,0.0,0.0,0.0,0.0,46.0,0.0,0.0,0.0,4.6,7.1,9.6
Mecole Hardman,WR,KAN,0.0,0.0,0.0,0.0,0.0,45.0,0.0,0.0,0.0,4.5,6.5,8.5
Dante Pettis,WR,SFO,0.0,0.0,0.0,0.0,0.0,45.0,0.0,0.0,0.0,4.5,6.0,7.5
Will Fuller,WR,HOU,0.0,0.0,0.0,0.0,0.0,44.0,0.0,0.0,0.0,4.4,6.9,9.4
DJ Chark,WR,JAX,0.0,0.0,0.0,0.0,0.0,43.0,0.0,0.0,0.0,4.3,5.8,7.3
Jason Moore,WR,LAC,0.0,0.0,0.0,0.0,0.0,43.0,0.0,0.0,0.0,4.3,5.3,6.3
Delanie Walker,TE,TEN,0.0,0.0,0.0,0.0,0.0,43.0,0.0,0.0,0.0,4.3,5.8,7.3
Nelson Agholor,WR,PHI,0.0,0.0,0.0,0.0,0.0,42.0,0.0,0.0,0.0,4.2,6.2,8.2
Geronimo Allison,WR,GNB,0.0,0.0,0.0,0.0,0.0,40.0,0.0,0.0,0.0,4.0,5.5,7.0
Jordan Akins,TE,HOU,0.0,0.0,0.0,0.0,0.0,39.0,0.0,0.0,0.0,3.9,5.4,6.9
Keke Coutee,WR,HOU,0.0,0.0,0.0,0.0,0.0,39.0,0.0,0.0,0.0,3.9,5.9,7.9
Scott Miller,WR,TAM,0.0,0.0,0.0,0.0,0.0,39.0,0.0,0.0,0.0,3.9,5.4,6.9
Trent Sherfield,WR,ARI,0.0,0.0,0.0,0.0,0.0,38.0,0.0,0.0,0.0,3.8,4.3,4.8
Jared Cook,TE,NOR,0.0,0.0,0.0,0.0,1.0,37.0,0.0,0.0,0.0,9.7,11.2,12.7
Corey Davis,WR,TEN,0.0,0.0,0.0,0.0,0.0,36.0,0.0,0.0,0.0,3.6,5.1,6.6
Jarvis Landry,WR,CLE,0.0,0.0,0.0,0.0,0.0,36.0,0.0,0.0,0.0,3.6,5.1,6.6
David Moore,WR,SEA,0.0,0.0,0.0,0.0,0.0,36.0,0.0,0.0,0.0,3.6,5.1,6.6
Kyle Rudolph,TE,MIN,0.0,0.0,0.0,0.0,0.0,36.0,0.0,0.0,0.0,3.6,5.1,6.6
O.J. Howard,TE,TAM,0.0,0.0,0.0,0.0,0.0,35.0,0.0,0.0,0.0,3.5,4.5,5.5
Gunner Olszewski,WR,NWE,0.0,0.0,0.0,0.0,0.0,34.0,0.0,0.0,0.0,3.4,4.4,5.4
Maxx Williams,TE,ARI,0.0,0.0,0.0,0.0,1.0,34.0,0.0,0.0,0.0,9.4,10.9,12.4
Keenan Allen,WR,LAC,0.0,0.0,0.0,0.0,0.0,33.0,0.0,0.0,0.0,3.3,4.3,5.3
Darius Slayton,WR,NYG,0.0,0.0,0.0,0.0,0.0,32.0,0.0,0.0,0.0,3.2,4.7,6.2
Ryan Izzo,TE,NWE,0.0,0.0,0.0,0.0,0.0,31.0,0.0,0.0,0.0,3.1,4.1,5.1
Preston Williams,WR,MIA,0.0,0.0,0.0,0.0,0.0,31.0,0.0,0.0,0.0,3.1,4.1,5.1
Rhett Ellison,TE,NYG,0.0,0.0,0.0,0.0,0.0,30.0,0.0,0.0,0.0,3.0,4.5,6.0
Jaron Brown,WR,SEA,0.0,0.0,0.0,0.0,2.0,29.0,0.0,0.0,0.0,14.9,16.4,17.9
Mohamed Sanu,WR,ATL,0.0,0.0,0.0,0.0,0.0,29.0,0.0,0.0,0.0,2.9,4.4,5.9
Irv Smith,TE,MIN,0.0,0.0,0.0,0.0,0.0,29.0,0.0,0.0,0.0,2.9,3.9,4.9
Miles Boykin,WR,BAL,0.0,0.0,0.0,0.0,0.0,28.0,0.0,0.0,0.0,2.8,3.8,4.8
Ryan Griffin,TE,NYJ,0.0,0.0,0.0,0.0,1.0,28.0,0.0,0.0,0.0,8.8,10.3,11.8
DeVante Parker,WR,MIA,0.0,0.0,0.0,0.0,1.0,28.0,0.0,0.0,0.0,8.8,10.3,11.8
C.J. Uzomah,TE,CIN,0.0,0.0,0.0,0.0,0.0,26.0,0.0,0.0,0.0,2.6,3.6,4.6
Anthony Firkser,TE,TEN,0.0,0.0,0.0,0.0,0.0,25.0,0.0,0.0,0.0,2.5,3.0,3.5
DaeSean Hamilton,WR,DEN,0.0,0.0,0.0,0.0,0.0,25.0,0.0,0.0,0.0,2.5,3.5,4.5
Tyler Higbee,TE,LAR,0.0,0.0,0.0,0.0,0.0,25.0,0.0,0.0,0.0,2.5,4.0,5.5
Byron Pringle,WR,KAN,0.0,0.0,0.0,0.0,0.0,24.0,0.0,0.0,0.0,2.4,3.4,4.4
Jeremy Sprinkle,TE,WAS,0.0,0.0,0.0,0.0,0.0,24.0,0.0,0.0,0.0,2.4,3.4,4.4
A.J. Brown,WR,TEN,0.0,0.0,0.0,0.0,0.0,23.0,0.0,0.0,0.0,2.3,3.3,4.3
Seth Roberts,WR,BAL,0.0,0.0,0.0,0.0,0.0,23.0,0.0,0.0,0.0,2.3,3.3,4.3
Antonio Callaway,WR,CLE,0.0,0.0,0.0,0.0,0.0,22.0,0.0,0.0,0.0,2.2,3.2,4.2
Jaeden Graham,TE,ATL,0.0,0.0,0.0,0.0,0.0,21.0,0.0,0.0,0.0,2.1,2.6,3.1
T.J. Hockenson,TE,DET,0.0,0.0,0.0,0.0,0.0,21.0,0.0,0.0,0.0,2.1,4.1,6.1
Nick Bellore,RB,SEA,0.0,0.0,0.0,0.0,0.0,20.0,0.0,0.0,0.0,2.0,2.5,3.0
Nick Boyle,TE,BAL,0.0,0.0,0.0,0.0,0.0,18.0,0.0,0.0,0.0,1.8,2.8,3.8
Chris Moore,RB,BAL,0.0,0.0,0.0,0.0,0.0,18.0,0.0,0.0,0.0,1.8,2.8,3.8
Willie Snead,RB,BAL,0.0,0.0,0.0,0.0,0.0,18.0,0.0,0.0,0.0,1.8,3.3,4.8
Jimmy Graham,TE,GNB,0.0,0.0,0.0,0.0,0.0,17.0,0.0,0.0,0.0,1.7,2.7,3.7
Dontrell Hilliard,RB,CLE,0.0,0.0,0.0,0.0,0.0,17.0,0.0,0.0,0.0,1.7,2.7,3.7
Marvin Jones,WR,DET,0.0,0.0,0.0,0.0,0.0,17.0,0.0,0.0,0.0,1.7,2.7,3.7
Jake Kumerow,WR,GNB,0.0,0.0,0.0,0.0,0.0,17.0,0.0,0.0,0.0,1.7,2.7,3.7
Cooper Kupp,WR,LAR,0.0,0.0,0.0,0.0,0.0,17.0,0.0,0.0,0.0,1.7,3.7,5.7
Ty Montgomery,RB,NYJ,0.0,0.0,0.0,0.0,0.0,17.0,0.0,0.0,0.0,1.7,3.2,4.7
Seth Devalve,TE,JAX,0.0,0.0,0.0,0.0,0.0,16.0,0.0,0.0,0.0,1.6,2.1,2.6
Noah Fant,TE,DEN,0.0,0.0,0.0,0.0,0.0,16.0,0.0,0.0,0.0,1.6,2.6,3.6
Allen Hurns,WR,MIA,0.0,0.0,0.0,0.0,0.0,16.0,0.0,0.0,0.0,1.6,2.6,3.6
Olabisi Johnson,WR,MIN,0.0,0.0,0.0,0.0,0.0,16.0,0.0,0.0,0.0,1.6,2.1,2.6
Luke Willson,TE,SEA,0.0,0.0,0.0,0.0,0.0,16.0,0.0,0.0,0.0,1.6,2.6,3.6
Marquise Goodwin,WR,SFO,0.0,0.0,0.0,0.0,0.0,15.0,0.0,0.0,0.0,1.5,2.5,3.5
Virgil Green,TE,LAC,0.0,0.0,0.0,0.0,0.0,15.0,0.0,0.0,0.0,1.5,2.0,2.5
Laquon Treadwell,WR,MIN,0.0,0.0,0.0,0.0,0.0,15.0,0.0,0.0,0.0,1.5,2.0,2.5
Albert Wilson,WR,MIA,0.0,0.0,0.0,0.0,0.0,15.0,0.0,0.0,0.0,1.5,4.0,6.5
Diontae Johnson,WR,PIT,0.0,0.0,0.0,0.0,0.0,14.0,0.0,0.0,0.0,1.4,2.4,3.4
KeeSean Johnson,WR,ARI,0.0,0.0,0.0,0.0,0.0,14.0,0.0,0.0,0.0,1.4,2.4,3.4
Geremy Davis,WR,LAC,0.0,0.0,0.0,0.0,0.0,13.0,0.0,0.0,0.0,1.3,1.8,2.3
Tyler Eifert,TE,CIN,0.0,0.0,0.0,0.0,0.0,13.0,0.0,0.0,0.0,1.3,2.3,3.3
Kendrick Bourne,WR,SFO,0.0,0.0,0.0,0.0,0.0,11.0,0.0,0.0,0.0,1.1,1.6,2.1
Donte Moncrief,WR,PIT,0.0,0.0,0.0,0.0,0.0,11.0,0.0,0.0,0.0,1.1,1.6,2.1
Tyler Boyd,WR,CIN,0.0,0.0,0.0,0.0,0.0,10.0,0.0,0.0,0.0,1.0,2.5,4.0
Bobo Wilson,WR,TAM,1.0,0.0,0.0,0.0,0.0,10.0,0.0,0.0,0.0,-1.0,-0.5,0.0
Pharaoh Brown,TE,CLE,0.0,0.0,0.0,0.0,0.0,9.0,0.0,0.0,0.0,0.9,1.4,1.9
Gerald Everett,TE,LAR,0.0,0.0,0.0,0.0,0.0,9.0,0.0,0.0,0.0,0.9,1.9,2.9
Charles Clay,TE,ARI,0.0,0.0,0.0,0.0,0.0,8.0,0.0,0.0,0.0,0.8,1.8,2.8
Kelvin Harmon,WR,WAS,0.0,0.0,0.0,0.0,0.0,8.0,0.0,0.0,0.0,0.8,1.3,1.8
Josh Hill,TE,NOR,0.0,0.0,0.0,0.0,0.0,8.0,0.0,0.0,0.0,0.8,1.3,1.8
Jesse James,TE,DET,0.0,0.0,0.0,0.0,0.0,8.0,0.0,0.0,0.0,0.8,1.3,1.8
Andy Janovich,RB,DEN,0.0,0.0,0.0,0.0,0.0,8.0,0.0,0.0,0.0,0.8,1.3,1.8
Trey Quinn,WR,WAS,0.0,0.0,0.0,0.0,0.0,8.0,0.0,0.0,0.0,0.8,1.8,2.8
Jonnu Smith,TE,TEN,0.0,0.0,0.0,0.0,0.0,8.0,0.0,0.0,0.0,0.8,1.3,1.8
Levine Toilolo,TE,SFO,0.0,0.0,0.0,0.0,0.0,8.0,0.0,0.0,0.0,0.8,1.3,1.8
Josh Gordon,WR,NWE,0.0,0.0,0.0,0.0,0.0,7.0,0.0,0.0,0.0,0.7,1.2,1.7
JuJu Smith-Schuster,WR,PIT,0.0,0.0,0.0,0.0,0.0,7.0,0.0,0.0,0.0,0.7,1.2,1.7
Danny Amendola,WR,DET,0.0,0.0,0.0,0.0,0.0,6.0,0.0,0.0,0.0,0.6,1.1,1.6
Russell Gage,WR,ATL,0.0,0.0,0.0,0.0,0.0,6.0,0.0,0.0,0.0,0.6,1.1,1.6
Blake Jarwin,TE,DAL,0.0,0.0,0.0,0.0,0.0,6.0,0.0,0.0,0.0,0.6,1.6,2.6
Patrick Ricard,RB,BAL,0.0,0.0,0.0,0.0,0.0,6.0,0.0,0.0,0.0,0.6,1.1,1.6
Dalton Schultz,TE,DAL,0.0,0.0,0.0,0.0,0.0,6.0,0.0,0.0,0.0,0.6,1.1,1.6
Jarius Wright,WR,CAR,0.0,0.0,0.0,0.0,0.0,6.0,0.0,0.0,0.0,0.6,1.1,1.6
Fred Brown,WR,DEN,0.0,0.0,0.0,0.0,0.0,5.0,0.0,0.0,0.0,0.5,1.0,1.5
Vance McDonald,TE,PIT,0.0,0.0,0.0,0.0,0.0,5.0,0.0,0.0,0.0,0.5,1.0,1.5
Vyncint Smith,WR,NYJ,0.0,0.0,0.0,0.0,0.0,5.0,0.0,0.0,0.0,0.5,1.0,1.5
Geoff Swaim,TE,JAX,0.0,0.0,0.0,0.0,0.0,5.0,0.0,0.0,0.0,0.5,1.0,1.5
Nick Vannett,TE,PIT,0.0,0.0,0.0,0.0,0.0,5.0,0.0,0.0,0.0,0.5,1.0,1.5
Hayden Hurst,TE,BAL,0.0,0.0,0.0,0.0,0.0,4.0,0.0,0.0,0.0,0.4,0.9,1.4
Amari Cooper,WR,DAL,0.0,0.0,0.0,0.0,0.0,3.0,0.0,0.0,0.0,0.3,0.8,1.3
Nick O'Leary,TE,MIA,0.0,0.0,0.0,0.0,0.0,3.0,0.0,0.0,0.0,0.3,0.8,1.3
Darrius Shepherd,WR,GNB,1.0,0.0,0.0,0.0,0.0,1.0,0.0,0.0,0.0,-1.9,-1.4,-0.8999999999999999
Travis Benjamin,WR,LAC,0.0,0.0,0.0,0.0,0.0,0.0,0.0,0.0,0.0,0.0,0.5,1.0
Emmanuel Sanders,WR,DEN,0.0,0.0,0.0,0.0,0.0,0.0,0.0,0.0,0.0,0.0,0.5,1.0
Luke Stocker,TE,ATL,0.0,0.0,0.0,0.0,0.0,0.0,0.0,0.0,0.0,0.0,0.5,1.0
Drew Sample,TE,CIN,0.0,0.0,0.0,0.0,0.0,-1.0,0.0,0.0,0.0,-0.1,0.4,0.9
Ryan Switzer,WR,PIT,0.0,0.0,0.0,0.0,0.0,-2.0,0.0,0.0,0.0,-0.2,0.3,0.8
Kaleb McGary,ERROR CHECK ME,ATL,0.0,0.0,0.0,0.0,0.0,-3.0,0.0,0.0,0.0,-0.3,0.2,0.7
Ray-Ray McCloud,WR,CAR,1.0,0.0,0.0,0.0,0.0,0.0,0.0,0.0,0.0,-2.0,-2.0,-2.0
Maurkice Pouncey,TE,PIT,0.0,0.0,0.0,0.0,0.0,0.0,0.0,0.0,0.0,0.0,0.0,0.0
Daniel Kilgore,TE,MIA,0.0,0.0,0.0,0.0,0.0,0.0,0.0,0.0,0.0,0.0,0.0,0.0
Connor McGovern,TE,DEN,0.0,0.0,0.0,0.0,0.0,0.0,0.0,0.0,0.0,0.0,0.0,0.0
